d,production
Moroto,15080
Napak,3123
Amudat,0
Kotido,16551
Abim,0
Nakapiripirit,3123
Kaabong,16551
Karenga,16551
Nabilatuk,3123
Tororo,13437
Busia,9959
Kibuku,16551
Budaka,8206
Pallisa,3554
Butaleja,9959
Bukedea,8206
Butebo,9959
Ngora,3123
Serere,13437
Katakwi,16551
Kaberamaido,16551
Kapelebyong,16551
Kalaki,16551
Soroti,13437
Kumi,16551
Amuria,0
Madi Okollo,11309
Arua,0
Terego,13437
Obongi,3123
Nebbi,3123
Koboko,16551
Moyo,1038
Adjumani,0
Pakwach,3123
Yumbe,13437
Maracha,11309
Zombo,13437
Namutumba,3123
Jinja,16551
Luuka,11309
Mayuge,11309
Kamuli,16551
Iganga,17541
Kaliro,16551
Bugiri,8206
Buyende,7946
Namayingo,3123
Bugweri,8206
Amuru,0
Kitgum,16551
Gulu,17541
Lamwo,11309
Omoro,3123
Agago,0
Nwoya,3123
Pader,3123
Rukungiri,13437
Kisoro,16551
Rukiga,13437
Rubanda,13437
Mitooma,11309
Kabale,16551
Rubirizi,13437
Kanungu,16551
Otuke,3123
Amolatar,0
Oyam,3123
Alebtong,0
Kole,16551
Lira,11309
Kwania,16551
Dokolo,17541
Apac,0
Sironko,13437
Bulambuli,8206
Bududa,8206
Kween,16551
Mbale,11309
Kapchorwa,16551
Manafwa,11309
Bukwo,8206
Namisindwa,3123
Lyantonde,11309
Kyotera,17056
Gomba,17541
Masaka,11309
Kalungu,16551
Butambala,9959
Bukomansimbi,8206
Wakiso,13437
Rakai,13437
Kalangala,16551
Mpigi,1038
Ssembabule,13437
Lwengo,11309
Kasese,16551
Kyenjojo,17056
Ntoroko,3123
Bunyangabu,3574
Bundibugyo,8206
Kabarole,16551
Kyegegwa,17056
Kamwenge,16551
Kitagwenda,16551
Ibanda,17541
Kiruhura,16551
Mbarara,11309
Sheema,13437
Buhweju,8206
Rwampara,13437
Isingiro,17541
Bushenyi,9959
Ntungamo,3123
Kazo,16551
Kibaale,16551
Buliisa,8206
Masindi,11309
Kagadi,16551
Kakumiro,16551
Kiryandongo,16551
Kikuube,16551
Hoima,17541
Mubende,1038
Kiboga,16551
Luwero,11309
Kyankwanzi,17056
Kampala,16551
Buikwe,8206
Kayunga,16551
Nakaseke,3123
Mukono,4970
Kassanda,16551
Buvuma,9959
Nakasongola,3123
Mityana,11309
